,Artist,Title,Type,No. Songs,Genre,Year,Country,Languages,Rating,Fav. Song,Img,Wikipedia,Genre1,Genre2,Genre3
0,AC/DC,Back In Black,Album,10.0,"['rock', 'hard rock', 'heavy metal']",1980,USA,English,3,Back In Black,BackInBlack.png,https://en.wikipedia.org/wiki/Back_in_Black,rock,hard rock,heavy metal
1,Addison Rae,Addison,Album,12.0,"['pop', 'dance pop', 'trip hop']",2025,USA,Engilsh,5,Headphones On,Addison.png,https://en.wikipedia.org/wiki/Addison_(album),pop,dance pop,trip hop
2,Alanis Morissette,Jagged Little Pill,Album,12.0,"['rock', 'alt rock', None]",1995,Canada,English,4,You Oughta Know,JaggedLittlePill.jpg,https://en.wikipedia.org/wiki/Jagged_Little_Pill,rock,alt rock,
3,Alice in Chains,Facelift,Album,12.0,"['rock', 'grunge', 'heavy metal']",1990,USA,English,4,Man In The Box,Facelift.jpg,https://en.wikipedia.org/wiki/Facelift_(album),rock,grunge,heavy metal
4,Alice In Chains,Dirt,Album,13.0,"['rock', 'grunge', 'hard rock']",1992,USA,English,4,Them Bones,Dirt.jpg,https://en.wikipedia.org/wiki/Dirt_(Alice_in_Chains_album),rock,grunge,hard rock
6,All Time Low,So Wrong It's Right,Album,12.0,"['rock', 'pop punk', 'pop rock']",2007,USA,English,3,Dear Maria Count Me In,SoWrongItsRight.jpg,"https://en.wikipedia.org/wiki/So_Wrong,_It%27s_Right",rock,pop punk,pop rock
7,All Time Low,Nothing Personal,Album,12.0,"['rock', 'pop punk', 'pop rock']",2009,USA,English,5,Sick Little Games,NothingPersonal.jpg,https://en.wikipedia.org/wiki/Nothing_Personal_(All_Time_Low_album),rock,pop punk,pop rock
8,All Time Low,Don't Panic,Album,12.0,"['rock', 'pop punk', 'emo pop']",2012,USA,English,5,Outlines,DontPanic.jpg,https://en.wikipedia.org/wiki/Don't_Panic_(All_Time_Low_album),rock,pop punk,emo pop
9,All Time Low,Future Hearts,Album,12.0,"['rock', 'pop punk', 'pop rock']",2015,USA,English,3,Something's Gotta Give,FutureHearts.jpg,https://en.wikipedia.org/wiki/Future_Hearts,rock,pop punk,pop rock
10,Amy Winehouse,Back To Black,Album,11.0,"['r&b', 'soul', 'neo soul']",2006,England,English,4,Back To Black,BackToBlack.png,https://en.wikipedia.org/wiki/Back_to_Black,r&b,soul,neo soul
11,Arcade Fire,The Suburbs,Album,16.0,"['rock', 'alt rock', 'baroque pop']",2010,Canada,English,2,The Suburbs,TheSuburbs.jpg,https://en.wikipedia.org/wiki/The_Suburbs,rock,alt rock,baroque pop
12,Arctic Monkeys,Tranquility Base Hotel And Casino,Album,11.0,"['art rock', None, None]",2018,England,English,1,Four Out Of Five,TranquilityBaseHotelAndCasino.png,https://en.wikipedia.org/wiki/Tranquility_Base_Hotel_%26_Casino,art rock,,
13,Avenged Sevenfold,Avenged Sevenfold,Album,10.0,"['rock', 'metal', None]",2007,USA,English,4,Afterlife,AvengedSevenfold.jpg,https://en.wikipedia.org/wiki/Avenged_Sevenfold_(album),rock,metal,
14,Avenged Sevenfold,Nightmare,Album,11.0,"['rock', 'metal', None]",2010,USA,English,4,Nightmare,Nightmare.png,https://en.wikipedia.org/wiki/Nightmare_(Avenged_Sevenfold_album),rock,metal,
15,Azealia Banks,Broke With Expensive Taste,Album,16.0,"['hip hop', 'dance pop', None]",2014,USA,English,2,212,BrokeWithExpensiveTaste.png,https://en.wikipedia.org/wiki/Broke_with_Expensive_Taste,hip hop,dance pop,
16,Bbno$,Bbno$,Album,21.0,"['rap', 'pop', 'electronic']",2025,Canada,English,4,1-800,Bbnomoney.png,https://en.wikipedia.org/wiki/Bbno$_(album),rap,pop,electronic
17,Beyonce,Lemonade,Album,12.0,"['pop', 'art pop', 'r&b']",2016,USA,English,2,6 Inch,Lemonade.png,https://en.wikipedia.org/wiki/Lemonade_(album),pop,art pop,r&b
18,Beyonce,Cowboy Carter,Album,27.0,"['country', 'pop', 'r&b']",2024,USA,English,3,Bodyguard,CowboyCarter.png,https://en.wikipedia.org/wiki/Cowboy_Carter,country,pop,r&b
19,Bjork,Vespertine,Album,12.0,"['trip hop', 'art pop', 'ambient']",2001,Iceland,English,1,Unison,Vespertine.png,https://en.wikipedia.org/wiki/Vespertine_(album),trip hop,art pop,ambient
20,Black Country New Road,Ants From Up There,Album,10.0,"['rock', 'art rock', 'folk rock']",2022,England,English,1,Chaos Space Marine,AntsFromUpThere.jpg,https://en.wikipedia.org/wiki/Ants_from_Up_There,rock,art rock,folk rock
24,Black Honey,Black Honey,Album,11.0,"['rock', 'alt rock', None]",2018,England,English,4,Just Calling,BlackHoney.png,https://en.wikipedia.org/wiki/Black_Honey_(album),rock,alt rock,
25,Black Honey,Written & Directed,Album,10.0,"['rock', 'alt rock', None]",2021,England,English,2,Beaches,Written&Directed.jpg,https://en.wikipedia.org/wiki/Written_&_Directed,rock,alt rock,
26,Black Honey,A Fistful Of Peaches,Album,12.0,"['rock', 'alt rock', None]",2023,England,English,4,Out Of My Mind,AFistfulOfPeaches.jpg,https://en.wikipedia.org/wiki/A_Fistful_of_Peaches,rock,alt rock,
27,Black Honey,Soak,Album,12.0,"['rock', 'alt rock', None]",2025,England,English,3,Insulin,Soak.jpg,,rock,alt rock,
28,Black Sabbath,Black Sabbath,Album,8.0,"['rock', 'metal', None]",1970,England,English,2,Black Sabbath,BlackSabbath.jpg,https://en.wikipedia.org/wiki/Black_Sabbath_(album),rock,metal,
29,Black Sabbath,Paranoid,Album,8.0,"['rock', 'metal', None]",1970,England,English,2,Paranoid,Paranoid.jpg,https://en.wikipedia.org/wiki/Paranoid_(album),rock,metal,
30,Black Veil Brides,We Stitch These Wounds,Album,12.0,"['rock', 'metal', 'metalcore']",2010,USA,English,2,Carolyn,WeStitchTheseWounds.jpg,https://en.wikipedia.org/wiki/We_Stitch_These_Wounds,rock,metal,metalcore
31,Black Veil Brides,Set The World On Fire,Album,11.0,"['rock', 'metal', None]",2011,USA,English,3,Set The World On Fire,SetTheWorldOnFire.JPG,https://en.wikipedia.org/wiki/Set_the_World_on_Fire_(Black_Veil_Brides_album),rock,metal,
32,Blondie,Parallel Lines,Album,12.0,"['pop', 'pop rock', 'new wave']",1978,USA,English,3,Heart of Glass,ParallelLines.png,https://en.wikipedia.org/wiki/Parallel_Lines,pop,pop rock,new wave
33,Bob Dylan,Highway 61 Revisited,Album,9.0,"['rock', 'blues rock', 'folk rock']",1965,USA,English,4,Ballad Of A Thin Man,Highway61Revisited.jpg,https://en.wikipedia.org/wiki/Highway_61_Revisited,rock,blues rock,folk rock
34,Boney M,Take The Heat Off Me,Album,8.0,"['funk', 'r&b', 'reggae']",1976,Germany,English,3,Take The Heat Off Me,TakeTheHeatOffMe.jpg,https://en.wikipedia.org/wiki/Take_the_Heat_off_Me,funk,r&b,reggae
35,Bon Iver,"For Emma, Forever Ago",Album,9.0,"['indie', 'folk', 'indie folk']",2007,USA,English,3,Skinny Love,ForEmmaForeverAgo.jpg,"https://en.wikipedia.org/wiki/For_Emma,_Forever_Ago",indie,folk,indie folk
36,Bruce Springstein,Born To Run,Album,8.0,"['rock', 'pop rock', None]",1975,USA,English,2,Born To Run,BornToRun.jpg,https://en.wikipedia.org/wiki/Born_to_Run,rock,pop rock,
37,Bruce Springstein,Born In The USA,Album,12.0,"['rock', 'folk rock', None]",1984,USA,English,3,Glory Days,BornInTheUSA.jpg,https://en.wikipedia.org/wiki/Born_in_the_U.S.A.,rock,folk rock,
38,Caravan Palace,Panic,Album,14.0,"['electronic', 'electro swing', 'jazz']",2012,France,English,4,Manic,Panic.jpg,https://en.wikipedia.org/wiki/Panic_(Caravan_Palace_album),electronic,electro swing,jazz
39,Caravan Palace,<|°_°|>,Album,11.0,"['electronic', 'electro swing', 'jazz']",2015,France,English,3,Lone Digger,RobotFace.png,https://en.wikipedia.org/wiki/Robot_Face,electronic,electro swing,jazz
40,Carly Rae Jepsen,Emotion,Album,12.0,"['pop', 'synth pop', 'dance pop']",2015,Canada,English,4,Emotion,Emotion.png,https://en.wikipedia.org/wiki/Emotion_(Carly_Rae_Jepsen_album),pop,synth pop,dance pop
41,Carly Rae Jepsen,The Loneliest Time,Album,13.0,"['pop', 'synth pop', 'dance pop']",2022,Canada,English,3,Beach House,TheLoneliestTime.jpg,https://en.wikipedia.org/wiki/The_Loneliest_Time,pop,synth pop,dance pop
42,Caro Emerald,Deleted Scenes From The Cutting Room Floor,Album,12.0,"['pop', 'jazz pop', 'electro swing']",2010,Netherlands,English,3,A Night Like This,DeletedScenesFromTheCuttingRoomFloor.png,https://en.wikipedia.org/wiki/Deleted_Scenes_from_the_Cutting_Room_Floor,pop,jazz pop,electro swing
43,Carole King,Tapestry,Album,12.0,"['pop', 'pop rock', 'soft rock']",1971,USA,English,2,I Feel The Earth Move,Tapestry.jpg,https://en.wikipedia.org/wiki/Tapestry_(Carole_King_album),pop,pop rock,soft rock
44,Chappell Roan,The Rise And Fall Of A Midwest Princess,Album,14.0,"['pop', 'electro pop', 'alt pop']",2023,USA,English,4,Naked in Manhattan,TheRiseAndFallOfAMidwestPrincess.png,https://en.wikipedia.org/wiki/The_Rise_and_Fall_of_a_Midwest_Princess,pop,electro pop,alt pop
45,Charli XCX,Brat,Album,15.0,"['pop', 'electro pop', 'dance pop']",2024,England,English,2,Von Dutch,Brat.png,https://en.wikipedia.org/wiki/Brat_(album),pop,electro pop,dance pop
46,Cream,Wheels Of Fire,Album,9.0,"['rock', 'psychedelic rock', 'blues rock']",1968,England,English,2,White Room,WheelsOfFire.jpeg,https://en.wikipedia.org/wiki/Wheels_of_Fire,rock,psychedelic rock,blues rock
47,Daughter,If You Leave,Album,10.0,"['indie', 'indie folk', None]",2013,England,English,3,Youth,IfYouLeave.jpg,https://en.wikipedia.org/wiki/If_You_Leave_(Daughter_album),indie,indie folk,
48,Daughter,Music From Before The Storm,Album,13.0,"['indie', 'indie folk', 'ambient']",2017,England,English,4,Burn It Down,MusicFromBeforeTheStorm.jpg,,indie,indie folk,ambient
49,Death Grips,The Money Store,Album,13.0,"['industrial rap', 'experimental rap', None]",2012,USA,English,2,Hacker,TheMoneyStore.jpg,https://en.wikipedia.org/wiki/The_Money_Store,industrial rap,experimental rap,
50,Doja Cat,Amala,Album,13.0,"['rap', 'r&b', 'pop']",2018,USA,English,2,Down Low,Amala.png,https://en.wikipedia.org/wiki/Amala_(album),rap,r&b,pop
51,Doja Cat,Hot Pink,Album,12.0,"['pop', 'rap', 'r&b']",2019,USA,English,3,Say So,HotPink.png,https://en.wikipedia.org/wiki/Hot_Pink_(album),pop,rap,r&b
52,Dominic Fike,What Could Possibly Go Wrong,Album,14.0,"['rap', 'synth pop', 'alt rock']",2020,USA,English,4,Vampire,WhatCouldPossiblyGoWrong.jpg,https://en.wikipedia.org/wiki/What_Could_Possibly_Go_Wrong_(album),rap,synth pop,alt rock
53,Don Broco,Amazing Things,Album,12.0,"['rock', 'metal', None]",2021,England,English,3,Gumshield,AmazingThings.png,https://en.wikipedia.org/wiki/Amazing_Things_(Don_Broco_album),rock,metal,
54,Dr Dre,The Chronic,Album,16.0,"['rap', 'gangsta rap', None]",1992,USA,English,3,Stranded On Death Row,TheChronic.jpg,https://en.wikipedia.org/wiki/The_Chronic,rap,gangsta rap,
55,Eminem,The Slim Shady LP,Album,20.0,"['rap', 'horror rap', None]",1999,USA,English,2,Still Don't Give A Fuck,TheSlimShadyLP.jpg,https://en.wikipedia.org/wiki/The_Slim_Shady_LP,rap,horror rap,
56,Enya,A Day Without Rain,Album,12.0,"['new age', 'ambient', None]",2000,Ireland,"English, Irish",2,A Day Without Rain,ADayWithoutRain.jpg,https://en.wikipedia.org/wiki/A_Day_Without_Rain,new age,ambient,
57,Erykah Badu,Baduizm,Album,14.0,"['r&b', 'soul', 'neo soul']",1997,USA,English,2,On & On,Baduizm.jpg,https://en.wikipedia.org/wiki/Baduizm,r&b,soul,neo soul
58,Evanescence,Fallen,Album,11.0,"['rock', 'nu metal', 'goth metal']",2003,USA,English,4,Going Under,Fallen.png,https://en.wikipedia.org/wiki/Fallen_(Evanescence_album),rock,nu metal,goth metal
59,Fall Out Boy,From Under The Cork Tree,Album,13.0,"['rock', 'pop punk', 'emo pop']",2005,USA,English,3,Dance Dance,FromUnderTheCorkTree.jpg,https://en.wikipedia.org/wiki/From_Under_the_Cork_Tree,rock,pop punk,emo pop
60,Fall Out Boy,Infinity On High,Album,14.0,"['rock', 'pop punk', 'emo pop']",2007,USA,English,5,You're Crashing But You're No Wave,InfinityOnHigh.jpg,https://en.wikipedia.org/wiki/Infinity_on_High,rock,pop punk,emo pop
61,Fall Out Boy,Folie A Deux,Album,12.0,"['rock', 'pop', 'pop punk']",2008,USA,English,3,I Don't Care,FolieADeux.jpg,https://en.wikipedia.org/wiki/Folie_%C3%A0_Deux_(album),rock,pop,pop punk
62,Fall Out Boy,Save Rock And Roll,Album,11.0,"['rock', 'pop rock', None]",2013,USA,English,4,Death Valley,SaveRockAndRoll.jpg,https://en.wikipedia.org/wiki/Save_Rock_and_Roll,rock,pop rock,
63,Fall Out Boy,American Beauty/American Psycho,Album,11.0,"['rock', 'pop rock', None]",2015,USA,English,3,Novocaine,AmericanBeautyAmericanPsycho.png,https://en.wikipedia.org/wiki/American_Beauty/American_Psycho,rock,pop rock,
64,Fever Ray,Fever Ray,Album,10.0,"['electronic', 'ambient', None]",2009,Sweden,English,3,When I Grow Up,FeverRay.png,https://en.wikipedia.org/wiki/Fever_Ray_(album),electronic,ambient,
65,Fever Ray,Plunge,Album,11.0,"['electronic', 'experimental', None]",2017,Sweden,English,1,Plunge,Plunge.png,https://en.wikipedia.org/wiki/Plunge_(Fever_Ray_album),electronic,experimental,
66,Fiona Apple,When The Pawn…,Album,10.0,"['indie', 'art rock', 'baroque pop']",1999,USA,English,3,Paper Bag,WhenThePawn.jpg,https://en.wikipedia.org/wiki/When_the_Pawn...,indie,art rock,baroque pop
67,Fiona Apple,Fetch The Bolt Cutters,Album,13.0,"['indie', 'art pop', None]",2020,USA,English,2,Relay,FetchTheBoltCutters.PNG,https://en.wikipedia.org/wiki/Fetch_the_Bolt_Cutters,indie,art pop,
68,First Aid Kit,Stay Gold,Album,10.0,"['indie', 'folk', 'indie folk']",2013,Sweden,English,3,My Silver Lining,StayGold.png,https://en.wikipedia.org/wiki/Stay_Gold_(First_Aid_Kit_album),indie,folk,indie folk
69,Fleetwood Mac,Fleetwood Mac,Album,11.0,"['rock', 'pop rock', 'soft rock']",1975,England,English,2,Rhiannon,FleetwoodMac.png,https://en.wikipedia.org/wiki/Fleetwood_Mac_(1975_album),rock,pop rock,soft rock
70,Fleetwood Mac,Rumours,Album,11.0,"['rock', 'pop rock', 'soft rock']",1977,England,English,4,The Chain,Rumours.png,https://en.wikipedia.org/wiki/Rumours_(album),rock,pop rock,soft rock
71,Florence And The Machine,Ceremonials,Album,12.0,"['pop', 'baroque pop', 'alt pop']",2011,England,English,4,Seven Devils,Ceremonials.png,https://en.wikipedia.org/wiki/Ceremonials,pop,baroque pop,alt pop
72,Florence And The Machine,Everybody Scream,Album,12.0,"['pop', 'baroque pop', 'alt pop']",2025,England,English,3,One Of The Greats,EverybodyScream.png,https://en.wikipedia.org/wiki/Everybody_Scream,pop,baroque pop,alt pop
73,Foo Fighters,The Colour And The Shape,Album,13.0,"['rock', 'alt rock', 'hard rock']",1997,USA,English,4,Monkey Wrench,TheColourAndTheShape.jpg,https://en.wikipedia.org/wiki/The_Colour_and_the_Shape,rock,alt rock,hard rock
74,Geese,Getting Killed,Album,11.0,"['rock', 'alt rock', 'art rock']",2025,USA,English,2,Taxes,GettingKilled.jpg,https://en.wikipedia.org/wiki/Getting_Killed,rock,alt rock,art rock
75,Gorillaz,Demon Days,Album,15.0,"['electronic', 'trip hop', 'alt rock']",2005,England,English,5,DARE,DemonDays.png,https://en.wikipedia.org/wiki/Demon_Days,electronic,trip hop,alt rock
76,Green Day,Dookie,Album,15.0,"['rock', 'punk rock', 'pop punk']",1994,USA,English,3,Basket Case,Dookie.jpg,https://en.wikipedia.org/wiki/Dookie,rock,punk rock,pop punk
77,Green Day,American Idiot,Album,13.0,"['rock', 'punk rock', 'pop punk']",2004,USA,English,4,Boulevard of Broken Dreams,AmericanIdiot.png,https://en.wikipedia.org/wiki/American_Idiot,rock,punk rock,pop punk
78,Green Day,21st Century Breakdown,Album,18.0,"['rock', 'punk', 'pop punk']",2009,USA,English,2,Horseshoes and Handgrenades,21stCenturyBreakdown.jpg,https://en.wikipedia.org/wiki/21st_Century_Breakdown,rock,punk,pop punk
79,Hayley Williams,Ego Death At A Bachelorette Party,Album,20.0,"['rock', 'alt rock', 'alt pop']",2025,USA,English,2,Parachute,EgoDeathAtABacheloretteParty.png,https://en.wikipedia.org/wiki/Ego_Death_at_a_Bachelorette_Party,rock,alt rock,alt pop
80,Harry Styles,Harry's House,Album,13.0,"['pop', 'synth pop', None]",2022,England,English,2,As It Was,HarrysHouse.png,https://en.wikipedia.org/wiki/Harry%27s_House,pop,synth pop,
81,Hole,Pretty On The Inside,Album,11.0,"['rock', 'punk rock', 'noise rock']",1991,USA,English,2,Loaded,PrettyOnTheInside.jpg,https://en.wikipedia.org/wiki/Pretty_on_the_Inside,rock,punk rock,noise rock
82,Hole,Live Through This,Album,12.0,"['rock', 'alt rock', 'grunge']",1993,USA,English,4,Violet,LiveThroughThis.png,https://en.wikipedia.org/wiki/Live_Through_This,rock,alt rock,grunge
83,Hole,Celebrity Skin,Album,12.0,"['rock', 'alt rock', 'pop rock']",1998,USA,English,5,Celebrity Skin,CelebritySkin.png,https://en.wikipedia.org/wiki/Celebrity_Skin,rock,alt rock,pop rock
84,Hole,Nobody's Daughter,Album,11.0,"['rock', 'alt rock', None]",2010,USA,English,4,Nobody's Daughter,NobodysDaughter.jpg,https://en.wikipedia.org/wiki/Nobody's_Daughter,rock,alt rock,
85,Jay-Z,The Blueprint,Album,13.0,"['hip hop', None, None]",2001,USA,English,3,Heart Of The City,TheBlueprint.png,https://en.wikipedia.org/wiki/The_Blueprint,hip hop,,
86,Jeff Buckley,Grace,Album,10.0,"['rock', 'alt rock', 'folk rock']",1994,USA,English,4,Grace,Grace.jpg,https://en.wikipedia.org/wiki/Grace_(Jeff_Buckley_album),rock,alt rock,folk rock
87,Jenny Owen Youngs,An Unwavering Band Of Light,Album,11.0,"['indie', 'indie pop', 'indie folk']",2012,USA,English,4,O God,AnUnwaveringBandOfLight.jpg,,indie,indie pop,indie folk
88,Jimi Hendrix,Electric Ladyland,Album,16.0,"['rock', 'psychedelic rock', 'funk']",1968,USA,English,2,Crosstown Traffic,ElectricLadyland.jpg,https://en.wikipedia.org/wiki/Electric_Ladyland,rock,psychedelic rock,funk
89,Jimmy Eat World,Bleed American,Album,11.0,"['rock', 'emo pop', 'pop punk']",2001,USA,English,3,Get It Faster,BleedAmerican.jpg,https://en.wikipedia.org/wiki/Bleed_American,rock,emo pop,pop punk
90,Kanye West,The College Dropout,Album,21.0,"['hip hop', 'pop rap', 'prog rap']",2004,USA,English,3,Two Words,TheCollegeDropout.jpg,https://en.wikipedia.org/wiki/The_College_Dropout,hip hop,pop rap,prog rap
91,Kanye West,Late Registration,Album,22.0,"['hip hop', 'pop rap', 'prog rap']",2005,USA,English,4,Diamonds From Sierra Leone,LateRegistration.jpg,https://en.wikipedia.org/wiki/Late_Registration,hip hop,pop rap,prog rap
92,Kanye West,Graduation,Album,14.0,"['hip hop', 'pop rap', 'prog rap']",2007,USA,English,3,Stronger,Graduation.jpg,https://en.wikipedia.org/wiki/Graduation_(album),hip hop,pop rap,prog rap
93,Kate Bush,Hounds Of Love,Album,12.0,"['pop', 'art pop', 'new wave']",1985,England,English,3,Running Up That Hill,HoundsOfLove.png,https://en.wikipedia.org/wiki/Hounds_of_Love,pop,art pop,new wave
94,Katy Perry,One Of The Boys,Album,12.0,"['pop', 'pop rock', 'power pop']",2008,USA,English,3,Hot And Cold,OneOfTheBoys.png,https://en.wikipedia.org/wiki/One_of_the_Boys,pop,pop rock,power pop
95,Katy Perry,Teenage Dream,Album,12.0,"['pop', 'dance pop', None]",2010,USA,English,5,The One That Got Away,TeenageDream.png,https://en.wikipedia.org/wiki/Teenage_Dream,pop,dance pop,
96,Keane,Hopes And Fears,Album,12.0,"['rock', 'alt rock', None]",2004,England,English,4,Somewhere Only We Know,HopesAndFears.jpg,https://en.wikipedia.org/wiki/Hopes_and_Fears,rock,alt rock,
97,Kendrick Lamar,"Good Kid, m.A.A.d City",Album,12.0,"['rap', 'gangsta rap', None]",2012,USA,English,3,Compton,GoodKidMAADCity.jpg,"https://en.wikipedia.org/wiki/Good_Kid,_M.A.A.D_City",rap,gangsta rap,
98,Kendrick Lamar,To Pimp A Butterfly,Album,16.0,"['rap', 'jazz rap', 'prog rap']",2015,USA,English,3,King Kunta,ToPimpAButterfly.png,https://en.wikipedia.org/wiki/To_Pimp_a_Butterfly,rap,jazz rap,prog rap
99,Kendrick Lamar,DAMN.,Album,14.0,"['rap', None, None]",2017,USA,English,4,PRIDE.,Damn.jpg,https://en.wikipedia.org/wiki/Damn_(album),rap,,
100,King Crimson,In The Court Of The Crimson King,Album,5.0,"['rock', 'prog rock', None]",1969,England,English,2,21st Century Schizoid Man,InTheCourtOfTheCrimsonKing.jpg,https://en.wikipedia.org/wiki/In_the_Court_of_the_Crimson_King,rock,prog rock,
101,King Gizzard & the Lizard Wizard,Nonagon Infinity,Album,9.0,"['rock', 'metal', 'psychedelic rock']",2016,Australia,English,3,Robot Stop,NonagonInfinity.png,https://en.wikipedia.org/wiki/Nonagon_Infinity,rock,metal,psychedelic rock
102,Kneecap,3cag,Album,8.0,"['rap', 'punk rap', None]",2018,Ireland,"Irish, English",4,Cearta,3cag.jpg,,rap,punk rap,
103,Kneecap,Fine Art,Album,18.0,"['rap', 'punk rap', None]",2024,Ireland,"Irish, English",5,Better Way To Live,FineArt.png,https://en.wikipedia.org/wiki/Fine_Art_(Kneecap_album),rap,punk rap,
104,Lady Gaga,The Fame,Album,15.0,"['pop', 'synth pop', 'dance pop']",2008,USA,English,4,Paparazzi,TheFame.png,https://en.wikipedia.org/wiki/The_Fame,pop,synth pop,dance pop
105,Lady Gaga,The Fame Monster,Album,8.0,"['pop', 'synth pop', 'dance pop']",2009,USA,English,3,Telephone,TheFameMonster.png,https://en.wikipedia.org/wiki/The_Fame_Monster,pop,synth pop,dance pop
106,Lady Gaga,Mayhem,Album,14.0,"['pop', 'synth pop', None]",2025,USA,English,5,Abracadabra,Mayhem.png,https://en.wikipedia.org/wiki/Mayhem_(Lady_Gaga_album),pop,synth pop,
107,Ladyhawke,Ladyhawke,Album,12.0,"['pop', 'synth pop', 'alt rock']",2008,New Zealand,English,3,Love Don't Live Here,Ladyhawke.png,https://en.wikipedia.org/wiki/Ladyhawke_(album),pop,synth pop,alt rock
108,Ladytron,604,Album,16.0,"['synth pop', 'alt pop', None]",2001,England,"English, Bulgarian",2,Discotraxx,604.png,https://en.wikipedia.org/wiki/604_(album),synth pop,alt pop,
109,Ladytron,Light And Magic,Album,15.0,"['synth pop', 'new wave', None]",2002,England,"English, Bulgarian",2,Seventeen,LightAndMagic.png,https://en.wikipedia.org/wiki/Light_&_Magic,synth pop,new wave,
110,Ladytron,Witching Hour,Album,13.0,"['synth pop', 'electro rock', None]",2005,England,"English, Bulgarian",2,Destroy Everything You Touch,WitchingHour.png,https://en.wikipedia.org/wiki/Witching_Hour_(Ladytron_album),synth pop,electro rock,
111,Ladytron,Velicoifero,Album,13.0,"['synth pop', 'art pop', 'electro rock']",2008,England,"English, Bulgarian",3,Deep Blue,Velocifero.png,https://en.wikipedia.org/wiki/Velocifero,synth pop,art pop,electro rock
112,Lana Del Ray,Born To Die,Album,12.0,"['pop', 'alt pop', 'trip hop']",2012,USA,English,4,Dark Paradise,BornToDie.png,https://en.wikipedia.org/wiki/Born_to_Die,pop,alt pop,trip hop
114,Lana Del Ray,Ultraviolence,Album,11.0,"['psychedelia', 'alt pop', 'dream pop']",2014,USA,English,4,West Coast,Ultraviolence.png,https://en.wikipedia.org/wiki/Ultraviolence_(album),psychedelia,alt pop,dream pop
115,Lauryn Hill,The Miseducation Of Lauryn Hill,Album,16.0,"['rap', 'r&b', 'prog rap']",1997,USA,English,4,Forgive Them Father,TheMiseducationOfLaurynHill.jpg,https://en.wikipedia.org/wiki/The_Miseducation_of_Lauryn_Hill,rap,r&b,prog rap
116,Led Zeppelin,Led Zeppelin IV,Album,8.0,"['rock', 'hard rock', None]",1971,England,English,2,Black Dog,LedZeppelinIV.jpg,https://en.wikipedia.org/wiki/Led_Zeppelin_IV,rock,hard rock,
117,Lily Allen,Alright Still,Album,11.0,"['pop', 'r&b', None]",2006,England,English,3,LDN,AlrightStill.png,"https://en.wikipedia.org/wiki/Alright,_Still",pop,r&b,
118,Lily Allen,It's Not Me It's You,Album,12.0,"['pop', 'electronic', None]",2009,England,English,4,The Fear,ItsNotMeItsYou.png,"https://en.wikipedia.org/wiki/It's_Not_Me,_It's_You",pop,electronic,
119,Lily Allen,West End Girl,Album,14.0,"['pop', 'electronic', None]",2025,England,English,4,Pussy Palace,WestEndGirl.jpg,https://en.wikipedia.org/wiki/West_End_Girl,pop,electronic,
120,Lindsey Stirling,Shatter Me,Album,12.0,"['instrumental', 'pop', None]",2014,USA,English,4,Shatter Me,ShatterMe.jpg,https://en.wikipedia.org/wiki/Shatter_Me_(album),instrumental,pop,
121,Linkin Park,Hybrid Theory,Album,12.0,"['rock', 'nu metal', 'rap metal']",2000,USA,English,5,A Place For My Head,HybridTheory.jpg,https://en.wikipedia.org/wiki/Hybrid_Theory,rock,nu metal,rap metal
122,Linkin Park,Meteora,Album,13.0,"['rock', 'nu metal', 'rap metal']",2003,USA,English,5,Numb,Meteora.jpg,https://en.wikipedia.org/wiki/Meteora_(album),rock,nu metal,rap metal
123,Linkin Park,From Zero,Album,11.0,"['rock', 'nu metal', 'rap metal']",2024,USA,English,3,The Emptiness Machine,FromZero.png,https://en.wikipedia.org/wiki/From_Zero,rock,nu metal,rap metal
124,Lo-Fang,Blue Film,Album,12.0,"['indie', 'indie pop', None]",2014,USA,English,4,#88,BlueFilm.jpg,https://en.wikipedia.org/wiki/Blue_Film_(album),indie,indie pop,
125,Madvillain,Madvillainy,Album,22.0,"['rap', 'jazz rap', 'prog rap']",2004,USA,English,4,All Caps,Madvillainy.jpg,https://en.wikipedia.org/wiki/Madvillainy,rap,jazz rap,prog rap
126,Magdalena Bay,Mercurial World,Album,14.0,"['pop', 'synth pop', None]",2021,USA,English,5,Secrets (Your Fire),MercurialWorld.jpeg,https://en.wikipedia.org/wiki/Mercurial_World,pop,synth pop,
127,Magdalena Bay,Imaginal Disk,Album,15.0,"['pop', 'synth pop', None]",2025,USA,English,5,Death And Romance,ImaginalDisk.png,https://en.wikipedia.org/wiki/Imaginal_Disk,pop,synth pop,
128,Marina and the Diamonds,The Family Jewels,Album,13.0,"['pop', 'synth pop', 'alt pop']",2010,Wales,English,4,Shampain,TheFamilyJewels.png,https://en.wikipedia.org/wiki/The_Family_Jewels_(album),pop,synth pop,alt pop
129,Marina and the Diamonds,Electra Heart,Album,12.0,"['pop', 'synth pop', 'dance pop']",2012,Wales,English,4,Primadonna,ElectraHeart.png,https://en.wikipedia.org/wiki/Electra_Heart,pop,synth pop,dance pop
130,Marina and the Diamonds,Froot,Album,12.0,"['pop', 'synth pop', None]",2015,Wales,English,4,Better Than That,Froot.png,https://en.wikipedia.org/wiki/Froot,pop,synth pop,
131,Marvin Gaye,What's Going On,Album,9.0,"['soul', 'r&b', None]",1971,USA,English,3,What's Happening Brother,WhatsGoingOn.jpg,https://en.wikipedia.org/wiki/What%27s_Going_On_(album),soul,r&b,
132,Massive Attack,Mezzanine,Album,11.0,"['trip hop', 'electronic', None]",1998,England,English,3,Teardrop,Mezzanine.png,https://en.wikipedia.org/wiki/Mezzanine_(album),trip hop,electronic,
133,McFly,Room On The 3rd Floor,Album,11.0,"['pop', 'pop rock', 'pop punk']",2004,England,English,2,Five Colours In Her Hair,RoomOnThe3rdFloor.jpg,https://en.wikipedia.org/wiki/Room_on_the_3rd_Floor,pop,pop rock,pop punk
134,McFly,Wonderland,Album,12.0,"['pop', 'pop rock', None]",2005,England,English,2,All About You,Wonderland.jpg,https://en.wikipedia.org/wiki/Wonderland_(McFly_album),pop,pop rock,
135,McFly,Motion In The Ocean,Album,11.0,"['pop', 'pop rock', None]",2006,England,English,2,Transylvania,MotionInTheOcean.jpg,https://en.wikipedia.org/wiki/Motion_in_the_Ocean,pop,pop rock,
136,Meat Loaf,Bat Out Of Hell,Album,7.0,"['rock', None, None]",1977,USA,English,1,Bat Out of Hell,BatOutOfHell.jpg,https://en.wikipedia.org/wiki/Bat_Out_of_Hell,rock,,
137,Megadeth,Peace Sells… But Who's Buying?,Album,8.0,"['rock', 'metal', 'thrash metal']",1986,USA,English,4,My Last Words,PeaceSellsButWhosBuying.jpg,https://en.wikipedia.org/wiki/Peace_Sells..._but_Who%27s_Buying%3F,rock,metal,thrash metal
138,Megadeth,Rust In Peace,Album,9.0,"['rock', 'metal', 'thrash metal']",1990,USA,English,5,Lucretia,RustInPeace.jpg,https://en.wikipedia.org/wiki/Rust_in_Peace,rock,metal,thrash metal
139,Megadeth,Countdown To Extinction,Album,11.0,"['rock', 'metal', 'thrash metal']",1992,USA,English,4,Countdown To Extinction,CountdownToExtinction.jpg,https://en.wikipedia.org/wiki/Countdown_to_Extinction,rock,metal,thrash metal
140,Metallica,Kill 'Em All,Album,10.0,"['rock', 'metal', 'thrash metal']",1983,USA,English,4,Seek And Destroy,KillEmAll.jpg,https://en.wikipedia.org/wiki/Kill_%27Em_All,rock,metal,thrash metal
141,Metallica,Ride The Lightning,Album,8.0,"['rock', 'metal', 'thrash metal']",1984,USA,English,4,Ride The Lightning,RideTheLightning.png,https://en.wikipedia.org/wiki/Ride_the_Lightning,rock,metal,thrash metal
142,Metallica,Master Of Puppets,Album,8.0,"['rock', 'metal', 'thrash metal']",1986,USA,English,4,Master Of Puppets,MasterOfPuppets.jpg,https://en.wikipedia.org/wiki/Master_of_Puppets,rock,metal,thrash metal
143,Metallica,Metallica,Album,12.0,"['rock', 'metal', None]",1991,USA,English,4,Wherever I May Roam,Metallica.jpg,https://en.wikipedia.org/wiki/Metallica_(album),rock,metal,
144,MGMT,Oracular Spectacular,Album,10.0,"['pop', 'psychedelia', 'alt rock']",2007,USA,English,4,Kids,OracularSpectacular.jpg,https://en.wikipedia.org/wiki/Oracular_Spectacular,pop,psychedelia,alt rock
145,Michael Jackson,Thriller,Album,9.0,"['pop', 'funk', 'r&b']",1982,USA,English,3,Billie Jean,Thriller.png,https://en.wikipedia.org/wiki/Thriller_(album),pop,funk,r&b
146,Mika,Life In Cartoon Motion,Album,11.0,"['pop', 'pop rock', None]",2007,England,English,4,Ring Ring,LifeInCartoonMotion.jpg,https://en.wikipedia.org/wiki/Life_in_Cartoon_Motion,pop,pop rock,
147,Miles Davis,Kind Of Blue,Album,5.0,"['jazz', 'modal jazz', None]",1959,USA,,1,Flamenco Sketches,KindOfBlue.jpg,https://en.wikipedia.org/wiki/Kind_of_Blue,jazz,modal jazz,
148,Morcheeba,Big Calm,Album,11.0,"['electronic', 'trip hop', 'hip hop']",1998,England,English,3,The Sea,BigCalm.jpg,https://en.wikipedia.org/wiki/Big_Calm,electronic,trip hop,hip hop
149,Morcheeba,Blood Like Lemonade,Album,10.0,"['electronic', 'trip hop', 'soul']",2010,England,English,2,Blood Like Lemonade,BloodLikeLemonade.jpg,https://en.wikipedia.org/wiki/Blood_Like_Lemonade,electronic,trip hop,soul
150,Mother Mother,Eureka,Album,15.0,"['rock', 'alt rock', None]",2011,Canada,English,5,Chasing It Down,Eureka.jpg,https://en.wikipedia.org/wiki/Eureka_(Mother_Mother_album),rock,alt rock,
151,Muse,Origin Of Symmetry,Album,12.0,"['rock', 'alt rock', 'hard rock']",2001,England,English,5,Bliss,OriginOfSymmetry.png,https://en.wikipedia.org/wiki/Origin_of_Symmetry,rock,alt rock,hard rock
152,Muse,Absolution,Album,14.0,"['rock', None, None]",2003,England,English,5,The Small Print,Absolution.jpg,https://en.wikipedia.org/wiki/Absolution_(album),rock,,
153,Muse,Black Holes And Revelations,Album,11.0,"['rock', None, None]",2006,England,English,4,Supermassive Black Hole,BlackHolesAndRevelations.jpg,https://en.wikipedia.org/wiki/Black_Holes_and_Revelations,rock,,
154,Muse,The Resistance,Album,11.0,"['rock', None, None]",2009,England,English,4,MK Ultra,TheResistance.jpg,https://en.wikipedia.org/wiki/The_Resistance_(album),rock,,
155,Muse,The 2nd Law,Album,13.0,"['rock', None, None]",2012,England,English,3,Unsustainable,The2ndLaw.jpg,https://en.wikipedia.org/wiki/The_2nd_Law,rock,,
156,Muse,Drones,Album,12.0,"['rock', None, None]",2015,England,English,4,Reapers,Drones.jpg,https://en.wikipedia.org/wiki/Drones_(Muse_album),rock,,
157,My Chemical Romance,I Brought You My Bullets,Album,11.0,"['rock', 'emo', 'punk rock']",2002,USA,English,3,Headfirst For Halos,IBroughtYouMyBullets.jpg,"https://en.wikipedia.org/wiki/I_Brought_You_My_Bullets,_You_Brought_Me_Your_Love",rock,emo,punk rock
158,My Chemical Romance,Three Cheers For Sweet Revenge,Album,13.0,"['rock', 'emo', 'punk rock']",2004,USA,English,4,You Know What They Do To Guys Like Us In Prison,ThreeCheersForSweetRevenge.jpg,https://en.wikipedia.org/wiki/Three_Cheers_for_Sweet_Revenge,rock,emo,punk rock
159,My Chemical Romance,The Black Parade,Album,14.0,"['rock', 'emo', 'punk rock']",2006,USA,English,5,Sleep,TheBlackParade.jpg,https://en.wikipedia.org/wiki/The_Black_Parade,rock,emo,punk rock
160,My Chemical Romance,Danger Days,Album,15.0,"['rock', 'alt rock', 'pop punk']",2010,USA,English,4,Destroya,DangerDays.jpg,https://en.wikipedia.org/wiki/Danger_Days:_The_True_Lives_of_the_Fabulous_Killjoys,rock,alt rock,pop punk
161,Nas,Illmatic,Album,10.0,"['rap', None, None]",1994,USA,English,4,N.Y. State Of Mind,Illmatic.jpg,https://en.wikipedia.org/wiki/Illmatic,rap,,
162,Ninajirachi,I Love My Computer,Album,12.0,"['edm', None, None]",2025,Australia,English,4,Fuck My Computer,ILoveMyComputer.png,https://en.wikipedia.org/wiki/I_Love_My_Computer,edm,,
163,Nirvana,Nevermind,Album,13.0,"['rock', 'grunge', 'hard rock']",1991,USA,English,5,In Bloom,Nevermind.jpg,https://en.wikipedia.org/wiki/Nevermind,rock,grunge,hard rock
164,Nothing But Thieves,Nothing But Thieves,Album,12.0,"['rock', 'alt rock', 'hard rock']",2015,England,English,5,Itch,NothingButThieves.jpg,https://en.wikipedia.org/wiki/Nothing_but_Thieves_(album),rock,alt rock,hard rock
165,Nova Twins,Supernova,Album,11.0,"['rock', 'punk rock', 'rap rock']",2022,England,English,4,Antagonist,Supernova.jpeg,https://en.wikipedia.org/wiki/Supernova_(Nova_Twins_album),rock,punk rock,rap rock
166,"Now, Now",Threads,Album,12.0,"['rock', 'alt rock', None]",2012,USA,English,3,Wolf,Threads.PNG,"https://en.wikipedia.org/wiki/Threads_(Now,_Now_album)",rock,alt rock,
167,Olivia Rodrigo,SOUR,Album,11.0,"['pop', 'alt pop', 'pop punk']",2021,USA,English,4,Good 4 U,Sour.png,https://en.wikipedia.org/wiki/Sour_(album),pop,alt pop,pop punk
168,Olivia Rodrigo,GUTS,Album,12.0,"['pop', 'alt pop', 'pop punk']",2023,USA,English,5,Vampire,Guts.png,https://en.wikipedia.org/wiki/Guts_(album),pop,alt pop,pop punk
169,Outkast,Aquemini,Album,16.0,"['rap', 'alt rap', None]",1998,USA,English,2,Chonkyfire,Aquemini.jpg,https://en.wikipedia.org/wiki/Aquemini,rap,alt rap,
170,Outkast,Stankonia,Album,24.0,"['rap', 'funk', 'prog rap']",2000,USA,English,3,Gasoline Dreams,Stankonia.jpg,https://en.wikipedia.org/wiki/Stankonia,rap,funk,prog rap
171,Ozzy Osbourne,Blizzard Of Ozz,Album,9.0,"['rock', 'metal', None]",1980,England,English,3,Crazy Train,BlizzardOfOzz.jpg,https://en.wikipedia.org/wiki/Blizzard_of_Ozz,rock,metal,
172,Panic! At The Disco,Vices & Virtues,Album,10.0,"['rock', 'emo pop', None]",2011,USA,English,3,The Ballad Of Mona Lisa,VicesAndVirtues.jpg,https://en.wikipedia.org/wiki/Vices_%26_Virtues,rock,emo pop,
173,Panic! At The Disco,Death Of A Bachelor,Album,11.0,"['rock', 'pop rock', 'power pop']",2016,USA,English,3,House Of Memories,DeathOfABachelor.png,https://en.wikipedia.org/wiki/Death_of_a_Bachelor,rock,pop rock,power pop
174,Paramore,All We Know is Falling,Album,10.0,"['rock', 'pop punk', 'emo pop']",2006,USA,English,3,Emergency,AllWeKnowIsFalling.png,https://en.wikipedia.org/wiki/All_We_Know_Is_Falling,rock,pop punk,emo pop
175,Paramore,Riot!,Album,11.0,"['rock', 'pop punk', 'emo pop']",2007,USA,English,4,Let The Flames Begin,Riot.jpg,https://en.wikipedia.org/wiki/Riot!,rock,pop punk,emo pop
176,Paramore,Brand New Eyes,Album,11.0,"['rock', 'pop punk', 'emo pop']",2009,USA,English,4,Ignorance,BrandNewEyes.png,https://en.wikipedia.org/wiki/Brand_New_Eyes,rock,pop punk,emo pop
177,Paramore,Paramore,Album,17.0,"['rock', 'alt rock', 'pop punk']",2013,USA,English,3,Part II,Paramore.png,https://en.wikipedia.org/wiki/Paramore_(album),rock,alt rock,pop punk
178,Pearl Jam,Ten,Album,11.0,"['rock', 'grunge', 'hard rock']",1991,USA,English,4,Alive,Ten.jpg,https://en.wikipedia.org/wiki/Ten_(Pearl_Jam_album),rock,grunge,hard rock
179,Phoebe Bridgers,Stranger In The Alps,Album,11.0,"['indie', 'indie folk', None]",2017,USA,English,3,Motion Sickness,StrangerInTheAlps.png,https://en.wikipedia.org/wiki/Stranger_in_the_Alps,indie,indie folk,
180,Phoebe Bridgers,Punisher,Album,11.0,"['indie', 'indie folk', None]",2020,USA,English,3,I Know The End,Punisher.png,https://en.wikipedia.org/wiki/Punisher_(album),indie,indie folk,
181,Pink Floyd,The Dark Side Of The Moon,Album,10.0,"['rock', 'prog rock', 'psychedelia']",1973,England,English,4,The Great Gig In The Sky,TheDarkSideOfTheMoon.jpg,https://en.wikipedia.org/wiki/The_Dark_Side_of_the_Moon,rock,prog rock,psychedelia
182,Pixies,Surfer Rosa,Album,13.0,"['rock', 'alt rock', None]",1988,USA,English,2,Where Is My Mind?,SurferRosa.jpg,https://en.wikipedia.org/wiki/Surfer_Rosa,rock,alt rock,
183,Pixies,Doolittle,Album,15.0,"['rock', 'alt rock', None]",1989,USA,English,4,Here Comes Your Man,Doolittle.jpg,https://en.wikipedia.org/wiki/Doolittle_(album),rock,alt rock,
184,Portishead,Dummy,Album,11.0,"['electronic', 'trip hop', None]",1994,England,English,2,Glory Box,Dummy.png,https://en.wikipedia.org/wiki/Dummy_(album),electronic,trip hop,
185,Public Enemy,It Takes A Nation Of Millions To Hold Us Back,Album,16.0,"['rap', None, None]",1988,USA,English,3,Party For Your Right To Fight,ItTakesANationOfMillions.jpg,https://en.wikipedia.org/wiki/It_Takes_a_Nation_of_Millions_to_Hold_Us_Back,rap,,
186,Queens of the Stone Age,Songs For The Deaf,Album,14.0,"['rock', 'hard rock', None]",2002,USA,English,4,The Sky Is Fallin,SongsForTheDeaf.png,https://en.wikipedia.org/wiki/Songs_for_the_Deaf,rock,hard rock,
187,Radiohead,The Bends,Album,12.0,"['rock', 'alt rock', 'art rock']",1995,England,English,2,Street Spirit,TheBends.png,https://en.wikipedia.org/wiki/The_Bends_(album),rock,alt rock,art rock
188,Radiohead,OK Computer,Album,12.0,"['rock', 'alt rock', 'art rock']",1997,England,English,2,No Surprises,OKComputer.png,https://en.wikipedia.org/wiki/OK_Computer,rock,alt rock,art rock
189,Radiohead,Kid A,Album,11.0,"['electronic', 'art rock', 'ambient']",2000,England,English,1,Everything In Its Right Place,KidA.png,https://en.wikipedia.org/wiki/Kid_A,electronic,art rock,ambient
190,Radiohead,In Rainbows,Album,10.0,"['art rock', 'electronic', 'art pop']",2007,England,English,3,15 Step,InRainbows.png,https://en.wikipedia.org/wiki/In_Rainbows,art rock,electronic,art pop
191,Rage Against the Machine,Rage Against The Machine,Album,10.0,"['rock', 'metal', 'rap metal']",1992,USA,English,5,Bullet In The Head,RageAgainstTheMachine.jpg,https://en.wikipedia.org/wiki/Rage_Against_the_Machine_(album),rock,metal,rap metal
192,Red Hot Chili Peppers,Californication,Album,15.0,"['rock', 'alt rock', 'funk rock']",1999,USA,English,2,Californication,Californication.jpg,https://en.wikipedia.org/wiki/Californication_(album),rock,alt rock,funk rock
195,Remi Wolf,Juno,Album,13.0,"['pop', 'funk', 'r&b']",2021,USA,English,2,Street You Live On,Juno.png,https://en.wikipedia.org/wiki/Juno_(album),pop,funk,r&b
196,Rina Sawayama,SAWAYAMA,Album,13.0,"['pop', 'pop rock', 'dance pop']",2020,England,English,3,STFU!,Sawayama.png,https://en.wikipedia.org/wiki/Sawayama,pop,pop rock,dance pop
197,Rina Sawayama,Hold The Girl,Album,13.0,"['pop', 'alt pop', 'dance pop']",2022,England,English,3,This Hell,HoldTheGirl.png,https://en.wikipedia.org/wiki/Hold_the_Girl,pop,alt pop,dance pop
198,Rosalía,Lux,Album,18.0,"['art pop', 'orchestral pop', 'classical']",2025,Spain,"Spanish, English, German, French, Arabic",3,Reliquia,Lux.png,https://en.wikipedia.org/wiki/Lux_(Rosal%C3%ADa_album),art pop,orchestral pop,classical
199,Sabrina Carpenter,Short n' Sweet,Album,12.0,"['pop', None, None]",2024,USA,English,3,Espresso,ShortNSweet.png,https://en.wikipedia.org/wiki/Short_n%27_Sweet,pop,,
200,Santana,Supernatural,Album,13.0,"['rock', 'latin rock', None]",1999,USA,"Spanish, English",4,Wishing It Was,Supernatural.jpg,https://en.wikipedia.org/wiki/Supernatural_(Santana_album),rock,latin rock,
201,Scissor Sisters,Scissor Sisters,Album,11.0,"['pop', 'pop rock', 'disco']",2004,USA,English,4,Take Your Mama,ScissorSisters.jpg,https://en.wikipedia.org/wiki/Scissor_Sisters_(album),pop,pop rock,disco
202,Shania Twain,Come On Over,Album,16.0,"['country', 'country pop', None]",1997,Canada,English,2,That Don't Impress Me Much,ComeOnOver.png,https://en.wikipedia.org/wiki/Come_On_Over,country,country pop,
203,Siouxsie and the Banshees,Through The Looking Glass,Album,10.0,"['rock', 'alt rock', 'art rock']",1987,England,English,3,This Wheel's On Fire,ThroughTheLookingGlass.jpg,,rock,alt rock,art rock
204,Slayer,Reign In Blood,Album,10.0,"['rock', 'metal', 'thrash metal']",1986,USA,English,3,Angel Of Death,ReignInBlood.jpg,https://en.wikipedia.org/wiki/Reign_in_Blood,rock,metal,thrash metal
205,Sleater-Kinney,Dig Me Out,Album,13.0,"['rock', 'punk', None]",1997,USA,English,4,One More Hour,DigMeOut.jpg,https://en.wikipedia.org/wiki/Dig_Me_Out,rock,punk,
206,Slipknot,Slipknot,Album,15.0,"['rock', 'metal', 'alt metal']",1999,USA,English,3,Prosthetics,Slipknot.jpg,https://en.wikipedia.org/wiki/Slipknot_(album),rock,metal,alt metal
207,Slipknot,Iowa,Album,14.0,"['rock', 'metal', 'alt metal']",2001,USA,English,4,The Heretic Anthem,Iowa.jpg,https://en.wikipedia.org/wiki/Iowa_(album),rock,metal,alt metal
208,Stevie Wonder,Innervisions,Album,9.0,"['soul', 'funk', 'jazz']",1973,USA,English,2,Higher Ground,Innervisions.jpg,https://en.wikipedia.org/wiki/Innervisions,soul,funk,jazz
209,Stevie Wonder,Songs In The Key Of Life,Album,17.0,"['soul', 'pop', 'r&b']",1976,USA,English,3,As,SongsInTheKeyOfLife.png,https://en.wikipedia.org/wiki/Songs_in_the_Key_of_Life,soul,pop,r&b
210,Stromae,Cheese,Album,11.0,"['house', 'electronic', None]",2010,Belgium,French,3,Alors on Danse,Cheese.jpg,https://en.wikipedia.org/wiki/Cheese_(album),house,electronic,
211,Stromae,Racine Carree,Album,13.0,"['house', 'electronic', 'dance pop']",2013,Belgium,French,4,Tous Les Memes,RacineCarree.jpg,https://en.wikipedia.org/wiki/Racine_carr%C3%A9e,house,electronic,dance pop
212,Studio Killers,Studio Killers,Album,11.0,"['pop', 'synth pop', 'electronic']",2013,Multiple,English,4,Ode To The Bouncer,StudioKillers.png,https://en.wikipedia.org/wiki/Studio_Killers_(album),pop,synth pop,electronic
213,System of a Down,Toxicity,Album,15.0,"['rock', 'metal', 'alt metal']",2001,USA,English,3,Toxicity,Toxicity.jpg,https://en.wikipedia.org/wiki/Toxicity_(album),rock,metal,alt metal
214,Tame Impala,Currents,Album,13.0,"['pop', 'synth pop', 'r&b']",2015,Australia,English,3,The Less I Know The Better,Currents.png,https://en.wikipedia.org/wiki/Currents_(album),pop,synth pop,r&b
215,Taylor Swift,Taylor Swift,Album,11.0,"['country', 'pop', 'country pop']",2006,USA,English,3,A Place In This World,TaylorSwift.png,https://en.wikipedia.org/wiki/Taylor_Swift_(album),country,pop,country pop
218,Taylor Swift,Fearless,Album,13.0,"['country', 'pop', 'country pop']",2008,USA,English,3,Untouchable,Fearless.png,https://en.wikipedia.org/wiki/Fearless_(Taylor_Swift_album),country,pop,country pop
219,Taylor Swift,Speak Now,Album,14.0,"['pop', 'country pop', 'pop rock']",2010,USA,English,4,Speak Now,SpeakNow.png,https://en.wikipedia.org/wiki/Speak_Now,pop,country pop,pop rock
220,Taylor Swift,Red,Album,16.0,"['pop', 'country pop', None]",2012,USA,English,2,Starlight,Red.png,https://en.wikipedia.org/wiki/Red_(Taylor_Swift_album),pop,country pop,
221,Taylor Swift,1989,Album,13.0,"['pop', 'synth pop', None]",2014,USA,English,4,New Romantics,1989.png,https://en.wikipedia.org/wiki/1989_(album),pop,synth pop,
222,Taylor Swift,Reputation,Album,15.0,"['pop', 'synth pop', 'r&b']",2017,USA,English,4,Don't Blame Me,Reputation.png,https://en.wikipedia.org/wiki/Reputation_(album),pop,synth pop,r&b
223,Taylor Swift,Lover,Album,18.0,"['pop', 'synth pop', 'pop rock']",2019,USA,English,4,Cruel Summer,Lover.png,https://en.wikipedia.org/wiki/Lover_(album),pop,synth pop,pop rock
224,Taylor Swift,Folklore,Album,16.0,"['indie', 'indie folk', None]",2020,USA,English,5,Seven,Folklore.png,https://en.wikipedia.org/wiki/Folklore_(Taylor_Swift_album),indie,indie folk,
225,Taylor Swift,Evermore,Album,15.0,"['indie', 'indie folk', None]",2020,USA,English,3,"No Body, No Crime",Evermore.png,https://en.wikipedia.org/wiki/Evermore,indie,indie folk,
228,Taylor Swift,Midnights,Album,13.0,"['pop', 'synth pop', None]",2022,USA,English,3,Karma,Midnights.png,https://en.wikipedia.org/wiki/Midnights,pop,synth pop,
231,Taylor Swift,The Tortured Poets Department,Album,16.0,"['pop', 'synth pop', 'folk pop']",2024,USA,English,2,How Did it End,TheTorturedPoetsDepartment.png,https://en.wikipedia.org/wiki/The_Tortured_Poets_Department,pop,synth pop,folk pop
232,Taylor Swift,The Life Of A Showgirl,Album,12.0,"['pop', 'soft rock', None]",2025,USA,English,2,The Fate Of Ophelia,TheLifeOfAShowgirl.png,https://en.wikipedia.org/wiki/The_Life_of_a_Showgirl,pop,soft rock,
233,The Beach Boys,Pet Sounds,Album,13.0,"['rock', 'pop', 'pop rock']",1966,USA,English,2,God Only Knows,PetSounds.jpg,https://en.wikipedia.org/wiki/Pet_Sounds,rock,pop,pop rock
234,The Beatles,Rubber Soul,Album,14.0,"['rock', 'pop', 'pop rock']",1965,England,English,3,Drive My Car,RubberSoul.png,https://en.wikipedia.org/wiki/Rubber_Soul,rock,pop,pop rock
235,The Beatles,Revolver,Album,14.0,"['rock', 'pop', 'psychedelia']",1966,England,English,4,Eleanor Rigby,Revolver.jpg,https://en.wikipedia.org/wiki/Revolver_(Beatles_album),rock,pop,psychedelia
236,The Beatles,Sgt Pepper's Lonely Hearts Club Band,Album,13.0,"['rock', 'pop', 'psychedelia']",1967,England,English,2,With A Little Help From My Friends,SgtPeppersLonelyHeartsClubBand.jpg,https://en.wikipedia.org/wiki/Sgt._Pepper's_Lonely_Hearts_Club_Band,rock,pop,psychedelia
237,The Beatles,The Beatles,Album,30.0,"['rock', 'pop', 'pop rock']",1968,England,English,2,While My Guitar Gently Weeps,TheBeatles.jpg,https://en.wikipedia.org/wiki/The_Beatles_(album),rock,pop,pop rock
238,The Beatles,Abbey Road,Album,17.0,"['rock', 'pop', 'pop rock']",1969,England,English,3,Oh! Darling,AbbeyRoad.jpg,https://en.wikipedia.org/wiki/Abbey_Road,rock,pop,pop rock
239,The Cure,Disintegration,Album,12.0,"['goth rock', 'dream pop', 'alt rock']",1989,England,English,3,Fascination Street,Disintegration.jpg,https://en.wikipedia.org/wiki/Disintegration_(The_Cure_album),goth rock,dream pop,alt rock
240,The Heavy,Hurt & The Merciless,Album,12.0,"['rock', 'funk rock', 'alt rock']",2016,England,English,3,Not The One,HurtAndTheMerciless.jpg,https://en.wikipedia.org/wiki/Hurt_%26_the_Merciless,rock,funk rock,alt rock
241,The Rolling Stones,Exile On Main St,Album,18.0,"['rock', 'hard rock', 'country rock']",1972,England,English,3,Sweet Virginia,ExileOnMainSt.jpg,https://en.wikipedia.org/wiki/Exile_on_Main_St.,rock,hard rock,country rock
242,The Weeknd,House Of Balloons,Album,10.0,"['r&b', 'alt r&b', None]",2011,Canada,English,4,House Of Balloons,HouseOfBalloons.png,https://en.wikipedia.org/wiki/House_of_Balloons,r&b,alt r&b,
243,The White Stripes,White Blood Cells,Album,16.0,"['rock', 'blues rock', 'alt rock']",2001,USA,English,2,Fell In Love With A Girl,WhiteBloodCells.jpg,https://en.wikipedia.org/wiki/White_Blood_Cells,rock,blues rock,alt rock
244,The White Stripes,Elephant,Album,14.0,"['rock', 'blues rock', 'alt rock']",2003,USA,English,2,Seven Nation Army,Elephant.png,https://en.wikipedia.org/wiki/Elephant_(album),rock,blues rock,alt rock
245,TLC,CrazySexyCool,Album,16.0,"['rap', 'r&b', None]",1994,USA,English,4,Waterfalls,CrazySexyCool.png,https://en.wikipedia.org/wiki/CrazySexyCool,rap,r&b,
246,Tool,Ænima,Album,15.0,"['metal', 'prog metal', 'alt metal']",1996,USA,English,3,Stinkfist,Aenima.jpg,https://en.wikipedia.org/wiki/%C3%86nima,metal,prog metal,alt metal
247,Tool,Lateralus,Album,13.0,"['metal', 'prog metal', 'alt metal']",2001,USA,English,3,Lateralus,Lateralus.jpg,https://en.wikipedia.org/wiki/Lateralus,metal,prog metal,alt metal
248,Tori Amos,Little Earhquakes,Album,12.0,"['indie', 'art pop', 'art rock']",1992,USA,English,4,Girl,LittleEarthquakes.jpg,https://en.wikipedia.org/wiki/Little_Earthquakes,indie,art pop,art rock
249,Tracy Chapman,Tracy Chapman,Album,11.0,"['folk rock', None, None]",1988,USA,English,3,For My Lover,TracyChapman.jpg,https://en.wikipedia.org/wiki/Tracy_Chapman_(album),folk rock,,
250,Turnstile,Glow On,Album,15.0,"['rock', 'hardcore', 'punk rock']",2021,USA,English,4,Fly Again,GlowOn.png,https://en.wikipedia.org/wiki/Glow_On,rock,hardcore,punk rock
251,U2,The Joshua Tree,Album,11.0,"['rock', None, None]",1987,Ireland,English,3,Bullet the Blue Sky,TheJoshuaTree.png,https://en.wikipedia.org/wiki/The_Joshua_Tree,rock,,
253,Uh Huh Her,Common Reaction,Album,11.0,"['pop', 'synth pop', 'alt rock']",2008,USA,English,4,Common Reaction,CommonReaction.jpg,https://en.wikipedia.org/wiki/Common_Reaction,pop,synth pop,alt rock
254,Uh Huh Her,Nocturnes,Album,11.0,"['pop', 'synth pop', 'alt rock']",2011,USA,English,4,Marstorm,Nocturnes.png,https://en.wikipedia.org/wiki/Nocturnes_(Uh_Huh_Her_album),pop,synth pop,alt rock
256,Van Halen,Van Halen,Album,11.0,"['rock', 'hard rock', None]",1978,USA,English,3,Little Dreamer,VanHalen.jpg,https://en.wikipedia.org/wiki/Van_Halen_(album),rock,hard rock,
257,Weezer,Weezer,Album,10.0,"['rock', 'pop punk', 'emo pop']",1994,USA,English,3,Buddy Holly,Weezer.jpg,https://en.wikipedia.org/wiki/Weezer_(Blue_Album),rock,pop punk,emo pop
258,Wet Leg,Wet Leg,Album,12.0,"['rock', 'alt rock', 'pop punk']",2022,England,English,4,Being In Love,WetLeg.jpeg,https://en.wikipedia.org/wiki/Wet_Leg_(album),rock,alt rock,pop punk
262,Wolf Alice,My Love Is Cool,Album,12.0,"['rock', 'alt rock', None]",2015,England,English,5,Turn To Dust,MyLoveIsCool.jpg,https://en.wikipedia.org/wiki/My_Love_Is_Cool,rock,alt rock,
263,Wolf Alice,Visions of a Life,Album,12.0,"['rock', 'alt rock', None]",2017,England,English,3,Beautifully Unconventional,VisionsOfALife.png,https://en.wikipedia.org/wiki/Visions_of_a_Life,rock,alt rock,
264,Wolf Alice,Blue Weekend,Album,11.0,"['rock', 'alt rock', None]",2021,England,English,5,Lipstick On The Glass,BlueWeekend.jpg,https://en.wikipedia.org/wiki/Blue_Weekend,rock,alt rock,
265,Wolf Alice,The Clearing,Album,11.0,"['rock', 'alt rock', 'soft rock']",2025,England,English,3,Bloom Baby Bloom,TheClearing.png,https://en.wikipedia.org/wiki/The_Clearing_(Wolf_Alice_album),rock,alt rock,soft rock
266,Wu-Tang Clan,Enter the Wu-Tang (36 Chambers),Album,13.0,"['rap', None, None]",1993,USA,English,4,C.R.E.A.M.,EnterTheWuTang.jpg,https://en.wikipedia.org/wiki/Enter_the_Wu-Tang_(36_Chambers),rap,,
267,You Me At Six,Sinners Never Sleep,Album,12.0,"['rock', 'pop rock', 'alt rock']",2011,England,English,3,Loverboy,SinnersNeverSleep.png,https://en.wikipedia.org/wiki/Sinners_Never_Sleep,rock,pop rock,alt rock
